,channelTitle,viewCount,likeCount,commentCount,definition,caption,subscribers,totalViews,totalVideos,avg polarity score,pushblishYear,durationSecs,tagCount,title length,description length,Label
0,16,1410150,18797,76,0,1,369000,20517888,1850,0.277472727,2020,4520.0,142,76,1057,1
1,16,561083,6564,31,0,1,369000,20517888,1850,0.234844068,2020,4697.0,160,100,398,1
2,16,264242,2629,10,0,1,369000,20517888,1850,0.236256923,2020,4774.0,50,99,331,1
3,16,129002,1091,3,0,1,369000,20517888,1850,0.237892647,2020,4922.0,73,98,299,1
4,16,125920,1291,8,0,1,369000,20517888,1850,0.244638571,2020,4732.0,86,88,331,1
5,16,109299,1088,2,0,1,369000,20517888,1850,0.245375,2020,4857.0,88,94,331,1
6,16,79884,766,6,0,1,369000,20517888,1850,0.264657143,2020,4825.0,59,78,331,1
7,16,57996,714,1,0,1,369000,20517888,1850,0.268016667,2020,5006.0,59,99,331,1
8,16,39148,336,4,0,1,369000,20517888,1850,0.27109,2020,5163.0,46,90,299,1
9,16,77085,915,7,0,1,369000,20517888,1850,0.255622619,2020,4841.0,46,97,305,1
10,16,79894,1024,9,0,1,369000,20517888,1850,0.254773626,2020,4814.0,46,93,300,1
11,16,38725,467,6,0,1,369000,20517888,1850,0.259177083,2020,4598.0,40,98,300,1
12,16,43780,641,6,0,1,369000,20517888,1850,0.255637,2020,4735.0,40,100,331,1
13,16,86974,1101,4,0,1,369000,20517888,1850,0.245317476,2020,4831.0,53,97,331,1
14,16,36003,338,1,0,1,369000,20517888,1850,0.246227885,2020,4788.0,59,100,331,1
15,16,36917,358,9,0,1,369000,20517888,1850,0.249148113,2020,4690.0,59,97,331,1
16,16,47676,594,2,0,1,369000,20517888,1850,0.248733333,2020,4754.0,59,100,331,1
17,16,21447,216,1,0,1,369000,20517888,1850,0.252184404,2020,4815.0,59,100,331,1
18,16,19358,163,0,0,1,369000,20517888,1850,0.252184404,2020,4867.0,59,100,331,1
19,16,27127,354,2,0,1,369000,20517888,1850,0.257685586,2020,4363.0,59,100,331,1
20,10,18154,203,15,0,0,6640,2170162,546,0.466481818,2020,2017.0,99,29,375,0
21,10,3107,42,6,0,0,6640,2170162,546,0.44998,2020,970.0,0,40,317,0
22,10,16379,166,15,0,0,6640,2170162,546,0.411689286,2020,681.0,64,59,317,0
23,10,2523,33,5,0,0,6640,2170162,546,0.427734483,2020,2963.0,109,59,317,0
24,10,1828,19,1,0,0,6640,2170162,546,0.43839,2020,736.0,94,47,317,0
25,10,2085,27,0,0,0,6640,2170162,546,0.43839,2020,1228.0,90,51,317,0
26,10,4323,69,3,0,0,6640,2170162,546,0.437342424,2020,3412.0,119,60,317,0
27,10,732,7,0,0,0,6640,2170162,546,0.437342424,2021,502.0,96,44,540,0
28,10,633,7,0,0,0,6640,2170162,546,0.437342424,2021,465.0,61,48,540,0
29,10,494,12,0,0,0,6640,2170162,546,0.437342424,2021,648.0,73,48,540,0
30,10,547,11,2,0,0,6640,2170162,546,0.424479412,2021,826.0,92,59,540,0
31,10,2378,26,5,0,0,6640,2170162,546,0.428055263,2020,1901.0,99,52,475,0
32,10,1675,15,6,0,0,6640,2170162,546,0.419435714,2020,2341.0,93,53,475,0
33,10,1598,13,4,0,0,6640,2170162,546,0.435657778,2020,2948.0,114,57,475,0
34,10,1761,12,5,0,0,6640,2170162,546,0.444489583,2020,1171.0,87,62,475,0
35,10,1534,9,2,0,0,6640,2170162,546,0.435518,2020,2109.0,101,56,475,0
36,22,821199,9191,353,0,0,642000,42153717,537,0.466278947,2017,563.0,513,78,2405,1
37,22,567358,8595,413,0,0,642000,42153717,537,0.433536667,2017,1258.0,496,42,2877,1
38,22,227704,3471,86,0,0,642000,42153717,537,0.427015614,2017,460.0,488,62,2166,1
39,22,547553,7094,469,0,0,642000,42153717,537,0.417406455,2017,1623.0,511,51,2851,1
40,22,286319,5413,272,0,0,642000,42153717,537,0.424846097,2017,1327.0,488,74,2510,1
41,22,143913,2958,140,0,0,642000,42153717,537,0.431380727,2017,801.0,442,63,2377,1
42,22,248898,4067,262,0,0,642000,42153717,537,0.434231667,2017,634.0,510,56,2097,1
43,22,140041,2098,83,0,0,642000,42153717,537,0.432413709,2017,914.0,465,43,1895,1
44,22,179128,2882,181,0,0,642000,42153717,537,0.437703433,2017,461.0,513,42,2010,1
45,22,184829,2620,128,0,0,642000,42153717,537,0.440015168,2017,686.0,500,38,1939,1
46,22,86105,1224,65,0,0,642000,42153717,537,0.438590576,2017,316.0,375,55,1669,1
47,22,68863,1217,52,0,0,642000,42153717,537,0.43751617,2017,353.0,515,40,1774,1
48,22,79270,1467,56,0,0,642000,42153717,537,0.435996631,2017,575.0,495,35,1928,1
49,22,150583,1888,151,0,0,642000,42153717,537,0.431255172,2018,734.0,517,75,2104,1
50,22,20436,512,19,0,1,642000,42153717,537,0.431292782,2021,343.0,512,96,900,1
51,22,160509,2313,157,0,0,642000,42153717,537,0.429813197,2017,624.0,517,62,1882,1
52,22,68070,876,57,0,0,642000,42153717,537,0.427827415,2017,826.0,521,46,2303,1
53,22,43898,596,57,0,0,642000,42153717,537,0.42858966,2017,864.0,443,39,2209,1
54,22,45258,501,31,0,0,642000,42153717,537,0.42849351,2017,444.0,440,42,2176,1
55,22,40226,464,41,0,0,642000,42153717,537,0.42854815,2017,1298.0,497,53,2342,1
56,22,27017,295,17,0,0,642000,42153717,537,0.428652725,2017,785.0,450,48,2040,1
57,22,51601,669,50,0,0,642000,42153717,537,0.429254604,2017,471.0,517,51,1598,1
58,14,18824,136,4,0,0,25600,2343442,392,0.256575,2014,731.0,0,30,0,0
59,14,4336,28,1,0,0,25600,2343442,392,0.2775,2014,574.0,0,29,0,0
60,14,3897,26,0,0,0,25600,2343442,392,0.2775,2014,334.0,0,31,0,0
61,14,2199,13,1,0,0,25600,2343442,392,0.345916667,2014,451.0,0,31,0,0
62,14,4681,28,4,0,0,25600,2343442,392,0.2797625,2014,569.0,0,33,0,0
63,14,3147,20,0,0,0,25600,2343442,392,0.2797625,2014,313.0,0,33,0,0
64,14,2250,11,0,0,0,25600,2343442,392,0.2797625,2014,680.0,0,28,0,0
65,14,1627,8,0,0,0,25600,2343442,392,0.2797625,2014,416.0,0,28,0,0
66,14,1179,6,0,0,0,25600,2343442,392,0.2797625,2014,383.0,0,29,0,0
67,14,824,2,0,0,0,25600,2343442,392,0.2797625,2014,373.0,0,29,0,0
68,14,2140,21,2,0,0,25600,2343442,392,0.32644,2014,386.0,0,23,0,0
69,14,2189,15,0,0,0,25600,2343442,392,0.32644,2014,834.0,0,23,0,0
70,14,2252,8,0,0,0,25600,2343442,392,0.32644,2014,587.0,0,23,0,0
71,14,1969,6,0,0,0,25600,2343442,392,0.32644,2014,638.0,0,23,0,0
72,14,1796,9,0,0,0,25600,2343442,392,0.32644,2014,491.0,0,23,0,0
73,14,2420,18,0,0,0,25600,2343442,392,0.32644,2014,249.0,0,23,0,0
74,14,1543,6,0,0,0,25600,2343442,392,0.32644,2014,462.0,0,23,0,0
75,14,1393,5,0,0,0,25600,2343442,392,0.32644,2014,399.0,0,23,0,0
76,14,1061,4,0,0,0,25600,2343442,392,0.32644,2014,215.0,0,23,0,0
77,14,2399,12,1,0,0,25600,2343442,392,0.236854545,2014,347.0,0,22,0,0
78,14,1708,8,2,0,0,25600,2343442,392,0.238407692,2014,267.0,0,22,0,0
79,14,2741,24,1,0,0,25600,2343442,392,0.247178571,2014,441.0,0,38,0,0
80,14,1932,11,1,0,0,25600,2343442,392,0.22726,2014,325.0,0,38,0,0
81,14,1572,11,2,0,0,25600,2343442,392,0.245917647,2014,455.0,0,38,0,0
82,14,2967,13,1,0,0,25600,2343442,392,0.256794444,2014,476.0,0,34,0,0
83,14,1678,8,0,0,0,25600,2343442,392,0.256794444,2014,566.0,0,34,0,0
84,14,1066,6,0,0,0,25600,2343442,392,0.256794444,2014,403.0,0,34,0,0
85,14,1322,7,0,0,0,25600,2343442,392,0.256794444,2014,892.0,0,29,0,0
86,14,5395,67,13,0,0,25600,2343442,392,0.27836,2014,2436.0,0,28,0,0
87,11,437081,6697,269,0,0,1710000,347648425,2320,0.3696127273,2019,269.0,227,26,753,1
88,11,190196,3330,113,0,0,1710000,347648425,2320,0.3686395498,2019,483.0,188,34,664,1
89,11,187921,3173,89,0,0,1710000,347648425,2320,0.3577157216,2019,364.0,139,32,622,1
90,11,167539,3241,96,0,0,1710000,347648425,2320,0.3631382479,2019,760.0,231,23,643,1
91,11,131320,2364,126,0,0,1710000,347648425,2320,0.3541741284,2019,518.0,217,27,642,1
92,11,89031,1354,43,0,0,1710000,347648425,2320,0.349977931,2019,171.0,191,26,630,1
93,11,114363,1346,64,0,0,1710000,347648425,2320,0.3416688498,2019,247.0,181,44,665,1
94,11,128278,2022,111,0,0,1710000,347648425,2320,0.3298727273,2019,625.0,220,47,806,1
95,11,113884,1643,39,0,0,1710000,347648425,2320,0.3264903794,2019,530.0,224,22,697,1
96,11,133018,2228,88,0,0,1710000,347648425,2320,0.3351654034,2019,551.0,129,35,634,1
97,11,118968,2664,74,0,0,1710000,347648425,2320,0.3411233446,2019,321.0,148,35,738,1
98,11,74607,1566,45,0,0,1710000,347648425,2320,0.3433511828,2019,314.0,140,28,618,1
99,11,160851,3013,100,0,0,1710000,347648425,2320,0.3402419922,2019,381.0,160,30,673,1
100,11,52930,940,21,0,0,1710000,347648425,2320,0.3436635666,2019,184.0,143,18,586,1
101,11,54891,1101,39,0,0,1710000,347648425,2320,0.3420030669,2019,331.0,179,18,639,1
102,11,47591,1286,41,0,0,1710000,347648425,2320,0.3453532735,2019,355.0,90,23,794,1
103,11,60217,1141,61,0,0,1710000,347648425,2320,0.3427592241,2019,415.0,147,42,733,1
104,11,52126,930,28,0,0,1710000,347648425,2320,0.3425674536,2019,283.0,195,25,713,1
105,11,71706,1374,35,0,0,1710000,347648425,2320,0.3441527138,2019,533.0,178,33,714,1
106,11,57157,946,24,0,0,1710000,347648425,2320,0.3424883683,2019,427.0,105,28,589,1
107,11,55490,1092,29,0,0,1710000,347648425,2320,0.3437790845,2019,325.0,180,17,633,1
108,11,53390,1043,40,0,0,1710000,347648425,2320,0.3422066002,2019,255.0,162,19,689,1
109,11,48064,866,16,0,0,1710000,347648425,2320,0.3418933131,2019,234.0,167,34,680,1
110,11,36250,660,14,0,0,1710000,347648425,2320,0.3416294959,2019,249.0,140,25,697,1
111,11,47449,897,22,0,0,1710000,347648425,2320,0.3426443704,2019,413.0,142,44,713,1
112,11,39227,689,15,0,0,1710000,347648425,2320,0.3438403226,2019,290.0,112,38,813,1
113,11,41439,780,31,0,0,1710000,347648425,2320,0.3430169662,2019,279.0,131,24,753,1
114,11,44212,809,30,0,0,1710000,347648425,2320,0.3415275813,2019,349.0,172,39,673,1
115,11,47285,908,30,0,0,1710000,347648425,2320,0.3447811806,2019,415.0,186,26,857,1
116,11,51037,997,29,0,0,1710000,347648425,2320,0.3450453488,2019,293.0,150,29,712,1
117,11,43446,693,23,0,0,1710000,347648425,2320,0.3459933153,2019,302.0,171,28,644,1
118,11,48831,903,33,0,0,1710000,347648425,2320,0.3456304636,2019,634.0,130,30,947,1
119,11,49725,903,26,0,0,1710000,347648425,2320,0.3449932768,2020,375.0,195,29,668,1
120,11,70858,2152,101,0,0,1710000,347648425,2320,0.3504587616,2020,388.0,205,43,736,1
121,11,33814,678,26,0,0,1710000,347648425,2320,0.3495637973,2020,323.0,202,29,687,1
122,11,45921,1000,41,0,0,1710000,347648425,2320,0.3490419008,2020,301.0,203,29,657,1
123,11,107256,2371,113,0,0,1710000,347648425,2320,0.3473102087,2020,393.0,110,25,735,1
124,11,49655,816,40,0,0,1710000,347648425,2320,0.3470945556,2020,344.0,185,39,966,1
125,11,27890,508,30,0,0,1710000,347648425,2320,0.3477606027,2020,278.0,170,31,599,1
126,11,71311,844,29,0,0,1710000,347648425,2320,0.3456272432,2020,275.0,117,28,614,1
127,11,32474,614,26,0,0,1710000,347648425,2320,0.3455318717,2020,79.0,177,16,645,1
128,11,36768,658,12,0,0,1710000,347648425,2320,0.3455253454,2020,455.0,232,31,711,1
129,11,32314,589,15,0,0,1710000,347648425,2320,0.3460295359,2020,365.0,286,28,749,1
130,11,35763,788,42,0,0,1710000,347648425,2320,0.3454689315,2020,314.0,234,41,664,1
131,11,51415,1225,37,0,0,1710000,347648425,2320,0.3429834862,2020,487.0,181,15,624,1
132,11,22137,395,13,0,0,1710000,347648425,2320,0.3426754306,2020,321.0,195,29,728,1
133,11,17684,336,13,0,0,1710000,347648425,2320,0.3423580856,2020,363.0,218,32,607,1
134,11,25369,469,7,0,0,1710000,347648425,2320,0.3427899598,2020,350.0,249,28,733,1
135,11,33754,652,16,0,0,1710000,347648425,2320,0.3435004487,2020,379.0,200,25,695,1
136,11,28590,580,20,0,0,1710000,347648425,2320,0.3432970821,2020,313.0,164,28,702,1
137,11,36808,593,26,0,0,1710000,347648425,2320,0.3410994132,2020,394.0,126,20,610,1
138,11,21862,340,14,0,0,1710000,347648425,2320,0.3407199806,2020,197.0,187,23,600,1
139,11,32743,501,11,0,0,1710000,347648425,2320,0.3414916788,2020,217.0,163,25,615,1
140,11,33610,532,17,0,0,1710000,347648425,2320,0.3415485577,2020,326.0,220,33,637,1
141,11,53983,913,40,0,0,1710000,347648425,2320,0.3395159166,2020,279.0,202,24,661,1
142,11,41911,785,28,0,0,1710000,347648425,2320,0.3401591272,2020,285.0,171,26,616,1
143,11,25177,431,31,0,0,1710000,347648425,2320,0.3388708159,2020,449.0,173,30,610,1
144,11,21422,427,40,0,0,1710000,347648425,2320,0.3405698756,2020,400.0,199,30,620,1
145,11,38364,675,26,0,0,1710000,347648425,2320,0.3410012797,2020,474.0,191,22,649,1
146,11,25736,447,32,0,0,1710000,347648425,2320,0.3408257117,2020,360.0,213,21,634,1
147,11,40217,760,31,0,0,1710000,347648425,2320,0.3409803044,2020,414.0,254,25,677,1
148,11,43292,887,38,0,0,1710000,347648425,2320,0.3423852343,2020,509.0,167,20,662,1
149,11,111341,3009,168,0,0,1710000,347648425,2320,0.3438319468,2020,609.0,167,20,641,1
150,11,32365,700,22,0,0,1710000,347648425,2320,0.3446200578,2020,360.0,184,35,644,1
151,11,60527,1226,34,0,0,1710000,347648425,2320,0.3437672512,2020,365.0,128,26,698,1
152,11,30834,544,19,0,0,1710000,347648425,2320,0.3436515998,2020,355.0,207,26,700,1
153,11,26442,432,20,0,0,1710000,347648425,2320,0.3429655408,2020,394.0,194,26,657,1
154,11,23508,357,27,0,0,1710000,347648425,2320,0.3421081372,2020,435.0,188,26,661,1
155,11,20453,360,22,0,0,1710000,347648425,2320,0.3411388119,2020,572.0,190,26,735,1
156,11,17055,286,19,0,0,1710000,347648425,2320,0.3400838455,2020,287.0,134,26,645,1
157,11,16702,281,29,0,0,1710000,347648425,2320,0.3395034348,2020,588.0,174,26,654,1
158,11,14404,234,9,0,0,1710000,347648425,2320,0.3388705951,2020,159.0,162,26,635,1
159,11,13811,218,16,0,0,1710000,347648425,2320,0.3385487041,2020,227.0,227,26,658,1
160,11,15500,251,36,0,0,1710000,347648425,2320,0.3378815113,2020,527.0,209,27,645,1
161,11,14242,238,7,0,0,1710000,347648425,2320,0.3372046672,2020,259.0,202,27,683,1
162,11,17671,309,25,0,0,1710000,347648425,2320,0.3356068613,2020,428.0,217,27,654,1
163,11,15583,239,14,0,0,1710000,347648425,2320,0.3348561344,2020,316.0,269,27,655,1
164,11,12987,226,15,0,0,1710000,347648425,2320,0.3342043201,2020,328.0,265,27,647,1
165,11,38646,807,34,0,0,1710000,347648425,2320,0.335492202,2020,581.0,169,33,643,1
166,11,107430,2410,104,0,0,1710000,347648425,2320,0.3389062297,2020,556.0,156,15,639,1
167,11,35380,679,16,0,0,1710000,347648425,2320,0.3385723138,2020,187.0,172,34,627,1
168,11,33566,608,26,0,0,1710000,347648425,2320,0.3377115741,2020,216.0,217,38,638,1
169,11,84997,1647,34,0,0,1710000,347648425,2320,0.3382089884,2020,247.0,239,26,612,1
170,11,22100,374,14,0,0,1710000,347648425,2320,0.3375902105,2020,232.0,163,20,650,1
171,11,20144,360,25,0,0,1710000,347648425,2320,0.3374443709,2020,346.0,166,20,674,1
172,11,60270,1054,37,0,0,1710000,347648425,2320,0.3376677252,2020,555.0,210,42,712,1
173,11,32087,522,11,0,0,1710000,347648425,2320,0.3380896113,2020,528.0,214,42,699,1
174,11,37660,637,29,0,0,1710000,347648425,2320,0.3373674872,2020,696.0,178,33,748,1
175,11,21111,369,11,0,0,1710000,347648425,2320,0.3375923365,2020,472.0,182,33,684,1
176,11,17413,303,7,0,0,1710000,347648425,2320,0.3375530432,2020,310.0,230,33,713,1
177,11,19605,381,17,0,0,1710000,347648425,2320,0.3383185448,2020,302.0,227,38,697,1
178,11,31819,468,19,0,0,1710000,347648425,2320,0.3375920875,2020,482.0,246,27,721,1
179,11,14842,204,11,0,0,1710000,347648425,2320,0.3373091672,2020,195.0,199,27,668,1
180,11,13256,209,13,0,0,1710000,347648425,2320,0.3369134738,2020,258.0,258,27,655,1
181,11,12014,176,16,0,0,1710000,347648425,2320,0.3367338656,2020,172.0,229,27,647,1
182,11,13158,224,25,0,0,1710000,347648425,2320,0.3367909571,2020,520.0,231,27,652,1
183,11,44378,767,14,0,0,1710000,347648425,2320,0.3369995066,2020,447.0,250,39,752,1
184,11,27194,453,20,0,0,1710000,347648425,2320,0.3366788027,2020,508.0,288,39,766,1
185,11,22375,377,17,0,0,1710000,347648425,2320,0.3361992515,2020,377.0,322,39,723,1
186,11,25418,425,22,0,0,1710000,347648425,2320,0.3357626494,2020,310.0,282,43,732,1
187,11,12227,187,13,0,0,1710000,347648425,2320,0.3357340316,2020,326.0,332,43,664,1
188,11,54270,1239,51,0,0,1710000,347648425,2320,0.3363962751,2020,659.0,239,27,761,1
189,11,15285,299,25,0,0,1710000,347648425,2320,0.3375327227,2020,175.0,283,27,718,1
190,11,30093,643,26,0,0,1710000,347648425,2320,0.3381579987,2020,353.0,345,21,770,1
191,11,16832,319,15,0,0,1710000,347648425,2320,0.3388549828,2020,350.0,331,23,705,1
192,11,15031,324,27,0,0,1710000,347648425,2320,0.3387287488,2020,523.0,246,23,845,1
193,11,60628,912,28,0,0,1710000,347648425,2320,0.3382618842,2020,351.0,365,44,737,1
194,11,27375,436,11,0,0,1710000,347648425,2320,0.3382204916,2020,357.0,272,44,706,1
195,11,54333,729,31,0,0,1710000,347648425,2320,0.3389512797,2020,367.0,291,24,719,1
196,11,28678,458,15,0,0,1710000,347648425,2320,0.3384624393,2020,340.0,321,29,788,1
197,11,37375,687,22,0,0,1710000,347648425,2320,0.3380027133,2020,378.0,368,20,681,1
198,11,18120,323,17,0,0,1710000,347648425,2320,0.3387082808,2020,439.0,283,35,835,1
199,11,53124,1001,35,0,0,1710000,347648425,2320,0.3402302976,2020,571.0,275,43,980,1
200,11,16974,365,9,0,0,1710000,347648425,2320,0.3403353814,2020,470.0,311,28,734,1
201,11,14551,271,15,0,0,1710000,347648425,2320,0.3410796866,2020,406.0,328,32,694,1
202,11,10054,186,11,0,0,1710000,347648425,2320,0.3410612094,2020,247.0,301,49,753,1
203,11,29085,530,20,0,0,1710000,347648425,2320,0.3412392836,2020,306.0,403,37,708,1
204,11,35964,692,25,0,0,1710000,347648425,2320,0.3411184049,2020,381.0,261,24,768,1
205,11,29029,598,42,0,0,1710000,347648425,2320,0.3412888118,2020,634.0,306,21,873,1
206,11,33223,588,30,0,0,1710000,347648425,2320,0.3418844719,2020,414.0,269,17,711,1
207,11,20216,325,24,0,0,1710000,347648425,2320,0.3417106346,2020,605.0,290,32,671,1
208,11,12152,181,6,0,0,1710000,347648425,2320,0.3418167808,2020,434.0,387,41,638,1
209,11,8639,134,10,0,0,1710000,347648425,2320,0.3423990891,2020,296.0,324,41,749,1
210,11,9872,156,10,0,0,1710000,347648425,2320,0.3419607893,2020,634.0,409,32,646,1
211,11,8329,137,11,0,0,1710000,347648425,2320,0.3423311526,2020,543.0,289,32,760,1
212,11,7919,125,10,0,0,1710000,347648425,2320,0.3424324294,2020,400.0,320,32,681,1
213,11,12269,158,33,0,0,1710000,347648425,2320,0.3425131557,2020,480.0,362,32,720,1
214,11,11206,87,14,0,0,1710000,347648425,2320,0.342677579,2021,51.0,334,75,1071,1
215,11,9062,71,16,0,0,1710000,347648425,2320,0.3423432116,2021,25.0,280,78,617,1
216,11,475818,7575,174,0,0,1710000,347648425,2320,0.324917284,2021,663.0,440,43,692,1
217,11,138676,2502,53,0,0,1710000,347648425,2320,0.3228457143,2021,766.0,407,20,819,1
218,11,80175,1486,46,0,0,1710000,347648425,2320,0.3168433198,2021,651.0,366,14,867,1
219,11,86551,1435,28,0,0,1710000,347648425,2320,0.3265581818,2021,950.0,331,34,1009,1
220,11,34794,533,28,0,0,1710000,347648425,2320,0.3215887043,2021,501.0,283,32,862,1
221,11,49122,772,15,0,0,1710000,347648425,2320,0.3266530351,2021,385.0,396,32,789,1
222,11,84721,1687,33,0,0,1710000,347648425,2320,0.3315699422,2021,409.0,401,45,760,1
223,11,45049,721,18,0,0,1710000,347648425,2320,0.333607967,2021,743.0,341,43,1063,1
224,11,43075,659,20,0,0,1710000,347648425,2320,0.3262330688,2021,448.0,321,27,887,1
225,11,57477,783,31,0,0,1710000,347648425,2320,0.3270833747,2021,481.0,426,17,676,1
226,11,205298,3633,47,0,0,1710000,347648425,2320,0.3290434004,2021,529.0,286,43,887,1
227,11,101566,1497,23,0,0,1710000,347648425,2320,0.3314034335,2021,680.0,284,23,887,1
228,11,124059,2230,29,0,0,1710000,347648425,2320,0.3341026477,2021,906.0,359,38,1091,1
229,11,59679,808,22,0,0,1710000,347648425,2320,0.3311338583,2021,881.0,346,45,1467,1
230,11,22410,299,7,0,0,1710000,347648425,2320,0.3327009728,2021,714.0,375,45,1436,1
231,11,85187,1553,27,0,0,1710000,347648425,2320,0.3394394444,2021,413.0,458,37,831,1
232,11,29392,508,16,0,0,1710000,347648425,2320,0.3416681655,2021,460.0,361,28,761,1
233,11,48957,853,18,0,0,1710000,347648425,2320,0.3426924825,2021,768.0,391,28,753,1
234,11,23265,426,18,0,0,1710000,347648425,2320,0.3398936426,2021,596.0,411,52,639,1
235,11,19846,324,7,0,0,1710000,347648425,2320,0.3395840407,2021,749.0,412,44,1299,1
236,11,15178,238,29,0,0,1710000,347648425,2320,0.3350372323,2021,511.0,361,44,1929,1
237,11,102060,1969,43,0,0,1710000,347648425,2320,0.3331516432,2021,925.0,412,37,627,1
238,11,38310,656,20,0,0,1710000,347648425,2320,0.3334700763,2021,709.0,406,42,719,1
239,11,64519,1144,26,0,0,1710000,347648425,2320,0.334824184,2021,1144.0,360,38,675,1
240,11,30984,446,26,0,0,1710000,347648425,2320,0.3356426323,2021,1318.0,404,40,736,1
241,11,31429,427,16,0,0,1710000,347648425,2320,0.3334576438,2021,1299.0,295,35,1051,1
242,11,15881,195,29,0,0,1710000,347648425,2320,0.3336018919,2021,696.0,401,35,773,1
243,0,16700,455,33,0,0,393000,20878842,237,0.4104592593,2020,217.0,429,61,2269,1
244,0,5269,144,10,0,0,393000,20878842,237,0.3814972222,2020,261.0,429,42,2369,1
245,0,5041,87,4,0,0,393000,20878842,237,0.3603325,2020,193.0,429,42,2328,1
246,0,6964,112,2,0,0,393000,20878842,237,0.3517738095,2020,366.0,431,53,2075,1
247,0,5038,82,6,0,0,393000,20878842,237,0.3548895833,2020,266.0,429,46,2071,1
248,0,4442,213,8,0,0,393000,20878842,237,0.3630357143,2020,529.0,429,37,2335,1
249,0,3370,70,4,0,0,393000,20878842,237,0.3407383333,2020,342.0,429,35,2068,1
250,0,2731,53,3,0,0,393000,20878842,237,0.3481412698,2020,275.0,429,41,2076,1
251,0,9301,157,10,0,0,393000,20878842,237,0.3585191781,2020,268.0,429,36,2067,1
252,0,6157,116,6,0,0,393000,20878842,237,0.3507291139,2020,322.0,429,42,2078,1
253,0,2597,56,3,0,0,393000,20878842,237,0.3417780488,2020,307.0,429,34,2074,1
254,0,2666,67,3,0,0,393000,20878842,237,0.3374285714,2020,263.0,429,34,2071,1
255,0,2807,90,7,0,0,393000,20878842,237,0.3354604396,2020,348.0,429,40,2080,1
256,0,3088,75,3,0,0,393000,20878842,237,0.3247542553,2020,360.0,429,38,2073,1
257,0,2632,44,1,0,0,393000,20878842,237,0.3213357895,2020,152.0,429,47,2073,1
258,0,14127,543,61,0,0,393000,20878842,237,0.3499138889,2020,822.0,429,47,2337,1
259,0,16467,278,24,0,0,393000,20878842,237,0.3399441718,2020,380.0,431,55,2357,1
260,0,4984,78,9,0,0,393000,20878842,237,0.3419494118,2020,302.0,431,68,2357,1
261,0,10551,138,15,0,0,393000,20878842,237,0.3376762162,2020,249.0,429,55,2355,1
262,0,3270,42,2,0,0,393000,20878842,237,0.3390379679,2020,229.0,429,68,2311,1
263,0,2809,40,0,0,0,393000,20878842,237,0.3390379679,2020,440.0,429,41,2357,1
264,0,2799,54,8,0,0,393000,20878842,237,0.3482758974,2020,478.0,431,43,2091,1
265,0,3439,53,1,0,0,393000,20878842,237,0.3487459184,2020,369.0,429,50,2343,1
266,0,3955,98,5,0,0,393000,20878842,237,0.3532532338,2020,325.0,429,43,2345,1
267,0,9312,123,5,0,0,393000,20878842,237,0.3466121951,2020,271.0,429,45,2368,1
268,0,15692,378,12,0,0,393000,20878842,237,0.3551907407,2020,455.0,429,56,2345,1
269,1,8015846,179491,8261,0,1,1850000,74531687,104,0.3487272772,2017,1478.0,243,63,1317,1
270,1,2180376,46467,2665,0,0,1850000,74531687,104,0.3483794722,2018,1185.0,148,60,1024,1
271,1,2022109,34009,2737,0,0,1850000,74531687,104,0.3332482426,2018,895.0,80,51,1024,1
272,1,1074422,19051,1282,0,0,1850000,74531687,104,0.3281334661,2018,595.0,101,52,316,1
273,1,1431987,23948,3871,0,0,1850000,74531687,104,0.3016944294,2018,622.0,61,56,318,1
274,1,685979,9554,1769,0,0,1850000,74531687,104,0.2926206141,2018,799.0,71,66,349,1
275,1,420865,6280,552,0,1,1850000,74531687,104,0.2909417351,2018,514.0,0,86,476,1
276,1,424612,6033,353,0,0,1850000,74531687,104,0.2920569578,2018,418.0,52,54,236,1
277,1,1259549,24269,1243,0,0,1850000,74531687,104,0.2960095841,2018,696.0,133,61,330,1
278,1,479348,9772,485,0,0,1850000,74531687,104,0.2968120155,2018,555.0,0,62,634,1
279,1,266695,4307,313,0,0,1850000,74531687,104,0.2983101697,2018,494.0,60,45,208,1
280,1,222341,4600,314,0,0,1850000,74531687,104,0.2987713164,2018,441.0,103,59,264,1
281,1,181285,3200,302,0,0,1850000,74531687,104,0.2986123193,2018,493.0,78,47,247,1
282,1,703466,14730,453,0,0,1850000,74531687,104,0.2984673424,2018,1216.0,47,79,611,1
283,1,444563,8921,583,0,0,1850000,74531687,104,0.2966086438,2018,2148.0,232,60,558,1
284,1,148605,4205,434,0,0,1850000,74531687,104,0.2976348561,2020,496.0,157,62,317,1
285,25,25948,499,63,0,0,101000,4735276,66,0.4602724138,2021,1197.0,498,99,4162,0
286,25,41269,1103,74,0,0,101000,4735276,66,0.4658077922,2021,1378.0,433,78,3694,1
287,25,5208,297,45,0,0,101000,4735276,66,0.495844,2021,572.0,517,56,2167,0
288,25,18771,480,52,0,0,101000,4735276,66,0.4954223077,2021,1735.0,517,88,2717,0
289,25,4291,268,25,0,0,101000,4735276,66,0.498548951,2021,1170.0,503,72,3795,0
290,25,6142,188,47,0,0,101000,4735276,66,0.503052071,2021,2801.0,499,67,3166,0
291,25,1522,43,6,0,0,101000,4735276,66,0.5014348837,2021,778.0,348,80,2918,0
292,25,1249,34,8,0,0,101000,4735276,66,0.4960914773,2021,1180.0,369,75,3780,0
293,25,3115,95,11,0,0,101000,4735276,66,0.4988370166,2021,893.0,522,86,3569,0
294,25,1805,66,9,0,0,101000,4735276,66,0.5016241935,2021,686.0,540,96,3239,0
295,25,1185,39,6,0,0,101000,4735276,66,0.5002407407,2021,597.0,494,82,3349,0
296,25,39091,558,76,0,0,101000,4735276,66,0.4916117904,2021,1121.0,431,100,2890,0
297,25,1671,54,21,0,0,101000,4735276,66,0.4944201681,2021,1770.0,511,96,2820,0
298,25,1236,46,10,0,0,101000,4735276,66,0.4954454545,2021,1435.0,511,97,3006,0
299,25,1278,55,14,0,0,101000,4735276,66,0.4950441767,2021,744.0,495,82,2601,0
300,25,2108,75,16,0,0,101000,4735276,66,0.5029753906,2021,681.0,522,88,2459,0
301,25,245332,3670,282,0,0,101000,4735276,66,0.4640604167,2021,594.0,528,58,2500,1
302,15,4063,70,2,0,0,57000,5006198,249,0.0,2020,425.0,178,46,156,0
303,15,9502,172,7,0,0,57000,5006198,249,0.3380142857,2020,341.0,122,13,259,0
304,15,1189,24,1,0,0,57000,5006198,249,0.2957625,2020,307.0,0,17,268,0
305,15,1738,45,4,0,0,57000,5006198,249,0.27273,2020,404.0,147,40,186,0
306,15,887,17,0,0,0,57000,5006198,249,0.27273,2020,289.0,0,18,193,0
307,15,851,17,0,0,0,57000,5006198,249,0.27273,2020,307.0,0,20,191,0
308,15,2220,26,0,0,0,57000,5006198,249,0.27273,2020,253.0,0,19,175,0
309,15,1680,42,4,0,0,57000,5006198,249,0.263975,2020,301.0,0,20,490,0
310,15,926,21,0,0,0,57000,5006198,249,0.263975,2020,482.0,0,22,680,0
311,15,2078,36,1,0,0,57000,5006198,249,0.2935615385,2020,317.0,58,27,413,0
312,15,1406,22,0,0,0,57000,5006198,249,0.2935615385,2020,332.0,88,29,230,0
313,15,516,6,0,0,0,57000,5006198,249,0.2935615385,2020,296.0,0,31,306,0
314,15,533,10,0,0,0,57000,5006198,249,0.2935615385,2020,439.0,0,17,326,0
315,15,19671,310,21,0,0,57000,5006198,249,0.4038807692,2020,320.0,49,16,575,0
316,15,23560,352,14,0,0,57000,5006198,249,0.4192243243,2020,388.0,126,18,554,0
317,15,5810,82,11,0,0,57000,5006198,249,0.3953636364,2020,319.0,206,17,153,0
318,15,1234,34,0,0,0,57000,5006198,249,0.3953636364,2020,496.0,56,16,219,0
319,15,215579,5698,215,0,1,57000,5006198,249,0.3929192308,2021,1124.0,136,40,723,1
320,15,43766,965,50,0,0,57000,5006198,249,0.3791983402,2021,1214.0,280,42,1251,0
321,15,10097,259,23,0,0,57000,5006198,249,0.3873679842,2021,1438.0,195,37,1348,0
322,15,677,15,2,0,0,57000,5006198,249,0.3884401575,2020,656.0,126,36,902,0
323,15,1291,33,5,0,0,57000,5006198,249,0.3901992248,2021,1421.0,266,48,785,0
324,15,5126,113,14,0,0,57000,5006198,249,0.3930488806,2021,1085.0,299,51,751,0
325,15,616,12,0,0,0,57000,5006198,249,0.3930488806,2020,472.0,0,12,244,0
326,15,1112,29,2,0,0,57000,5006198,249,0.3937051852,2020,455.0,150,12,213,0
327,15,502,16,1,0,0,57000,5006198,249,0.392902214,2020,512.0,78,19,350,0
328,15,9444,316,18,0,0,57000,5006198,249,0.3986394366,2021,1215.0,282,34,735,0
329,15,943,16,1,0,0,57000,5006198,249,0.3987196491,2021,1220.0,241,23,815,0
330,15,16859,476,50,0,0,57000,5006198,249,0.3793706625,2021,1049.0,192,57,596,0
331,15,3582,120,7,0,0,57000,5006198,249,0.3809529412,2021,1013.0,290,35,689,0
332,21,229123,1478,95,0,0,47500,5917076,253,0.2443385714,2019,199.0,155,62,498,0
333,21,74460,694,21,0,0,47500,5917076,253,0.2686066667,2019,330.0,155,55,502,0
334,21,52679,366,7,0,0,47500,5917076,253,0.2857442105,2019,79.0,155,62,572,0
335,21,84438,618,89,0,0,47500,5917076,253,0.213205036,2019,315.0,166,68,432,0
336,21,55144,397,58,0,0,47500,5917076,253,0.1878194118,2019,469.0,201,65,475,0
337,21,69967,780,42,0,0,47500,5917076,253,0.1958920792,2019,604.0,155,55,478,0
338,21,70196,774,54,0,0,47500,5917076,253,0.2215058091,2019,453.0,155,69,422,0
339,21,58397,499,101,0,0,47500,5917076,253,0.1683270627,2019,261.0,155,68,457,0
340,21,64723,943,107,0,0,47500,5917076,253,0.2074997297,2019,725.0,162,61,896,0
341,21,60768,640,49,0,0,47500,5917076,253,0.2130264484,2019,552.0,164,54,669,0
342,21,44219,472,42,0,0,47500,5917076,253,0.2190983645,2019,588.0,162,61,499,0
343,21,46649,598,57,0,0,47500,5917076,253,0.2297657388,2019,419.0,155,70,1278,0
344,21,42117,476,39,0,0,47500,5917076,253,0.2409155378,2019,211.0,177,58,682,0
345,21,40905,490,33,0,0,47500,5917076,253,0.2443467803,2019,279.0,155,55,958,0
346,21,29555,364,27,0,0,47500,5917076,253,0.2529977941,2019,641.0,200,56,476,0
347,21,28814,347,69,0,0,47500,5917076,253,0.2587865646,2019,742.0,200,62,477,0
348,21,41391,391,61,0,0,47500,5917076,253,0.2567113057,2019,610.0,223,60,2167,0
349,21,25464,288,24,0,0,47500,5917076,253,0.2534698609,2019,659.0,252,53,870,0
350,21,39518,404,37,0,0,47500,5917076,253,0.2587943368,2019,545.0,143,60,499,0
351,21,35430,367,53,0,0,47500,5917076,253,0.2607353607,2019,475.0,157,63,464,0
352,21,42882,501,55,0,0,47500,5917076,253,0.263033378,2019,769.0,153,64,869,0
353,21,83470,982,129,0,0,47500,5917076,253,0.2668640964,2019,784.0,163,49,1470,0
354,21,41268,493,48,0,0,47500,5917076,253,0.2638962877,2019,276.0,177,66,1773,0
355,21,45030,606,75,0,0,47500,5917076,253,0.2711766958,2019,337.0,174,63,1449,0
356,21,46313,687,206,0,0,47500,5917076,253,0.3075410399,2019,313.0,153,63,394,0
357,19,583005,12279,483,0,0,988000,123211115,1924,0.42535175,2020,367.0,321,37,1142,1
358,19,304116,6087,255,0,0,988000,123211115,1924,0.4054457237,2020,782.0,304,53,1053,1
359,19,214260,3902,84,0,0,988000,123211115,1924,0.4067358006,2020,397.0,410,47,1050,1
360,19,168490,3127,88,0,0,988000,123211115,1924,0.4077768076,2020,332.0,367,52,1021,1
361,19,175157,3495,160,0,0,988000,123211115,1924,0.4018884346,2020,369.0,429,44,1044,1
362,19,153709,2875,79,0,0,988000,123211115,1924,0.4019205752,2020,400.0,304,38,977,1
363,19,186427,3591,112,0,0,988000,123211115,1924,0.4096805639,2020,441.0,370,37,1028,1
364,19,187347,4410,180,0,0,988000,123211115,1924,0.4135448819,2020,402.0,423,52,1006,1
365,19,136366,2870,63,0,0,988000,123211115,1924,0.4171737595,2020,260.0,348,49,1322,1
366,19,145967,2859,181,0,0,988000,123211115,1924,0.4112380879,2020,404.0,369,42,1042,1
367,19,165130,3543,129,0,0,988000,123211115,1924,0.4098078628,2021,536.0,328,31,1029,1
368,19,123282,2507,67,0,0,988000,123211115,1924,0.4088136458,2021,177.0,304,44,1045,1
369,19,121064,2505,94,0,0,988000,123211115,1924,0.4061042791,2021,271.0,304,44,893,1
370,19,158141,3119,89,0,0,988000,123211115,1924,0.4062418297,2021,236.0,372,53,967,1
371,19,120808,2888,95,0,0,988000,123211115,1924,0.4060316766,2021,260.0,304,48,1030,1
372,19,170936,2930,119,0,0,988000,123211115,1924,0.3971277205,2021,311.0,304,43,1003,1
373,19,164904,3099,141,0,0,988000,123211115,1924,0.3939989757,2021,475.0,358,54,1003,1
374,19,92965,2060,52,0,0,988000,123211115,1924,0.3920023784,2021,227.0,304,53,893,1
375,19,120978,2547,94,0,0,988000,123211115,1924,0.3894538892,2021,459.0,304,47,1028,1
376,19,124111,3709,237,0,0,988000,123211115,1924,0.3932182706,2021,529.0,397,46,893,1
377,19,266015,4662,136,0,0,988000,123211115,1924,0.3939903197,2021,502.0,477,42,1036,1
378,19,133104,2643,75,0,0,988000,123211115,1924,0.3937688879,2021,324.0,304,44,893,1
379,19,113373,2377,78,0,0,988000,123211115,1924,0.391476835,2021,210.0,382,38,893,1
380,19,114009,2971,187,0,0,988000,123211115,1924,0.3861287897,2021,410.0,502,43,1045,1
381,19,109920,2710,116,0,0,988000,123211115,1924,0.3839568918,2021,483.0,304,42,1028,1
382,19,72603,1777,113,0,0,988000,123211115,1924,0.381040236,2021,316.0,304,46,1012,1
383,19,139582,2860,127,0,0,988000,123211115,1924,0.3848649317,2021,567.0,478,51,1025,1
384,19,81247,1682,32,0,0,988000,123211115,1924,0.3848930896,2021,172.0,304,39,993,1
385,19,114731,2138,91,0,0,988000,123211115,1924,0.3852379199,2021,318.0,304,47,893,1
386,19,65894,1780,68,0,0,988000,123211115,1924,0.3834627589,2021,218.0,304,48,1024,1
387,19,59988,1609,55,0,0,988000,123211115,1924,0.3822515749,2021,226.0,304,40,893,1
388,19,70370,6331,748,0,0,988000,123211115,1924,0.4232751544,2021,257.0,403,48,917,1
389,23,107445,1816,132,0,0,123000,10005743,325,0.4712632075471697,2018,351.0,537,55,3156,1
390,23,115199,2199,90,0,0,123000,10005743,325,0.4784331395348837,2018,394.0,537,79,3248,1
391,23,50402,918,50,0,0,123000,10005743,325,0.4666068292682926,2018,408.0,537,70,3135,1
392,23,59681,1136,78,0,0,123000,10005743,325,0.4748909448818897,2018,412.0,537,78,3020,1
393,23,45720,985,38,0,0,123000,10005743,325,0.4660150537634409,2018,381.0,537,66,3145,1
394,23,158787,3176,78,0,0,123000,10005743,325,0.4648202416918429,2018,518.0,537,57,3189,1
395,23,79071,1843,96,0,0,123000,10005743,325,0.4726387909319899,2018,607.0,537,81,3343,1
396,23,72151,1325,100,0,0,123000,10005743,325,0.460101935483871,2018,473.0,537,74,3323,1
397,23,57789,1169,195,0,0,123000,10005743,325,0.4660333907056798,2018,539.0,537,72,3311,1
398,23,34978,900,67,0,0,123000,10005743,325,0.465258626198083,2018,442.0,537,82,3326,1
399,23,93999,2317,81,0,0,123000,10005743,325,0.4642586156111928,2018,650.0,537,70,3167,1
400,23,43924,1315,53,0,0,123000,10005743,325,0.4645050632911393,2018,381.0,537,64,3104,1
401,23,50882,1402,113,0,0,123000,10005743,325,0.4651117647058823,2018,548.0,537,50,3020,1
402,23,39807,1272,112,0,0,123000,10005743,325,0.4629172535211267,2018,455.0,537,71,3140,1
403,23,2366,65,8,0,0,123000,10005743,325,0.4629200700116685,2022,93.0,537,42,2461,0
404,2,41930,811,60,0,0,494000,37774999,1506,0.37129,2017,305.0,361,64,1041,1
405,2,44420,966,31,0,0,494000,37774999,1506,0.4272348484848485,2017,546.0,340,64,1041,1
406,2,49056,941,35,0,0,494000,37774999,1506,0.434592857142857,2017,697.0,217,46,1041,1
407,2,17521,291,12,0,0,494000,37774999,1506,0.4195486238532109,2017,555.0,299,58,1041,1
408,2,13658,267,5,0,0,494000,37774999,1506,0.416919298245614,2018,353.0,455,74,1041,1
409,2,8633,182,7,0,0,494000,37774999,1506,0.4275458333333333,2018,253.0,373,57,1041,1
410,2,5167,111,3,0,0,494000,37774999,1506,0.4245634146341462,2018,288.0,257,58,1041,1
411,2,7539,190,10,0,0,494000,37774999,1506,0.4236303030303031,2018,344.0,271,48,1041,1
412,2,6818,152,8,0,0,494000,37774999,1506,0.4297971428571428,2018,225.0,312,79,1041,1
413,2,24861,544,36,0,0,494000,37774999,1506,0.4457646706586826,2018,283.0,303,43,1041,1
414,2,9339,250,7,0,0,494000,37774999,1506,0.4465241379310344,2018,296.0,168,48,1041,1
415,2,6955,161,9,0,0,494000,37774999,1506,0.4492147540983606,2018,302.0,199,62,1041,1
416,2,5275,138,9,0,0,494000,37774999,1506,0.4430795811518323,2018,282.0,205,41,1041,1
417,2,3902,128,4,0,0,494000,37774999,1506,0.4394328205128204,2018,253.0,250,61,1041,1
418,2,7168,173,15,0,0,494000,37774999,1506,0.4398685714285714,2018,243.0,186,39,1041,1
419,2,3947,111,9,0,0,494000,37774999,1506,0.4431986301369862,2018,295.0,213,51,1041,1
420,2,2935,75,4,0,0,494000,37774999,1506,0.4433235294117646,2018,275.0,0,56,1041,1
421,2,4452,121,7,0,0,494000,37774999,1506,0.4441898678414097,2018,314.0,235,52,1041,1
422,2,3710,91,7,0,0,494000,37774999,1506,0.4413790598290598,2018,316.0,239,67,1041,1
423,2,2890,65,2,0,0,494000,37774999,1506,0.4371165254237288,2018,181.0,149,53,1041,1
424,2,4003,108,5,0,0,494000,37774999,1506,0.43398875,2018,311.0,156,45,1041,1
425,2,3824,120,10,0,0,494000,37774999,1506,0.4293510040160642,2018,434.0,231,51,1041,1
426,2,3857,105,3,0,0,494000,37774999,1506,0.4268436507936508,2018,358.0,143,41,1041,1
427,2,3806,91,3,0,0,494000,37774999,1506,0.4234826771653543,2018,244.0,190,51,1041,1
428,2,15920,362,19,0,0,494000,37774999,1506,0.4297541044776119,2018,400.0,227,57,1041,1
429,2,6049,185,5,0,0,494000,37774999,1506,0.4301304029304029,2018,284.0,160,51,1041,1
430,2,4277,160,11,0,0,494000,37774999,1506,0.4325918149466192,2018,304.0,210,51,1041,1
431,2,2078,36,3,0,0,494000,37774999,1506,0.4323671378091873,2018,123.0,161,53,1041,1
432,2,3878,94,14,0,0,494000,37774999,1506,0.4389528619528619,2018,170.0,201,41,1041,1
433,18,933247,17157,1064,0,1,1050000,91987339,748,0.0927381355932203,2019,681.0,329,50,1627,1
434,18,380520,6915,294,0,0,1050000,91987339,748,0.1223385826771653,2019,888.0,297,59,1624,1
435,18,181469,4382,336,0,0,1050000,91987339,748,0.1620390721649484,2019,1026.0,305,59,1472,1
436,18,119397,2813,188,0,0,1050000,91987339,748,0.1822219600725952,2019,823.0,335,67,1361,1
437,18,93387,2160,91,0,0,1050000,91987339,748,0.189977316017316,2019,775.0,307,62,1364,1
438,18,60853,1722,83,0,0,1050000,91987339,748,0.1980954470198675,2019,825.0,340,82,1429,1
439,18,61386,1794,146,0,0,1050000,91987339,748,0.2148266975308642,2019,669.0,329,62,1531,1
440,18,58835,1600,44,0,0,1050000,91987339,748,0.2179990232907588,2019,441.0,381,60,1419,1
441,18,44205,1398,54,0,0,1050000,91987339,748,0.2221862802641232,2019,861.0,293,80,1387,1
442,18,46485,1755,145,0,0,1050000,91987339,748,0.2252481836874571,2019,605.0,363,67,1335,1
443,18,40492,1127,41,0,0,1050000,91987339,748,0.23046581769437,2019,827.0,281,67,1332,1
444,18,55627,1338,78,0,0,1050000,91987339,748,0.2446681233933162,2019,754.0,305,70,1501,1
445,3,1579,22,10,0,0,11400,901735,172,0.4541833333333334,2020,717.0,68,32,940,0
446,3,496,11,1,0,0,11400,901735,172,0.5068,2020,975.0,100,25,2069,0
447,3,2055,49,18,0,0,11400,901735,172,0.6417428571428572,2020,1368.0,154,52,2400,0
448,3,552,20,2,0,0,11400,901735,172,0.61293125,2020,1174.0,186,51,550,0
449,3,682,19,6,0,0,11400,901735,172,0.6132150000000001,2020,686.0,186,34,628,0
450,3,18453,398,109,0,0,11400,901735,172,0.4902254237288135,2020,1362.0,229,79,1057,0
451,3,467,25,2,0,0,11400,901735,172,0.4957131147540984,2020,1306.0,164,89,551,0
452,3,544,21,6,0,0,11400,901735,172,0.5017492307692307,2020,788.0,184,51,599,0
453,3,422,14,1,0,0,11400,901735,172,0.5066090909090908,2020,852.0,0,41,1394,0
454,3,480,22,4,0,0,11400,901735,172,0.506016176470588,2020,689.0,118,38,557,0
455,3,6315,126,27,0,0,11400,901735,172,0.4968289156626507,2020,1195.0,131,60,1392,0
456,3,289,14,4,0,0,11400,901735,172,0.5020200000000001,2020,720.0,151,60,536,0
457,3,334,13,1,0,0,11400,901735,172,0.5057465116279071,2020,882.0,136,68,583,0
458,3,308,11,7,0,0,11400,901735,172,0.5081355555555556,2020,1202.0,199,52,1132,0
459,3,4978,107,15,0,0,11400,901735,172,0.5054112244897959,2020,1207.0,146,52,1304,0
460,3,355,13,5,0,0,11400,901735,172,0.513569306930693,2020,931.0,197,44,615,0
461,13,142248,1880,154,0,0,172000,11666260,185,0.3800024691358025,2019,1318.0,64,88,1231,1
462,13,44293,775,131,0,0,172000,11666260,185,0.38356875,2019,1235.0,85,80,1387,1
463,13,41456,728,133,0,0,172000,11666260,185,0.331595283018868,2019,1029.0,74,82,1404,0
464,13,5104,80,13,0,0,172000,11666260,185,0.3365004545454546,2019,450.0,95,87,1217,0
465,13,45743,691,116,0,0,172000,11666260,185,0.328295652173913,2019,1242.0,66,74,1306,0
466,13,55076,837,68,0,0,172000,11666260,185,0.3358069182389936,2019,1065.0,71,73,1316,1
467,13,33838,586,87,0,0,172000,11666260,185,0.3442090140845071,2019,1168.0,78,91,1364,0
468,13,17531,240,12,0,0,172000,11666260,185,0.3433933884297521,2019,635.0,0,85,1289,0
469,13,18150,332,59,0,0,172000,11666260,185,0.3399778625954198,2019,1844.0,0,85,1289,0
470,13,11767,164,23,0,0,172000,11666260,185,0.3435527227722772,2019,799.0,0,76,1322,0
471,13,19782,412,41,0,0,172000,11666260,185,0.3504950471698113,2019,1037.0,0,97,1206,0
472,13,37549,669,64,0,0,172000,11666260,185,0.3489105263157895,2019,1768.0,0,81,1210,0
473,13,17841,279,46,0,0,172000,11666260,185,0.3465405405405405,2020,1655.0,98,71,1526,0
474,13,26288,418,43,0,0,172000,11666260,185,0.3515670611439842,2020,1333.0,125,83,995,0
475,13,10023,190,9,0,0,172000,11666260,185,0.3533103313840156,2020,1030.0,86,54,1008,0
476,24,2195939,51870,876,0,1,6130000,410887617,1340,0.338338338658147,2019,21129.0,465,55,3029,1
477,24,2210830,56194,1146,0,1,6130000,410887617,1340,0.3339471428571429,2020,44392.0,59,88,1556,1
478,24,1444789,39210,496,0,1,6130000,410887617,1340,0.3308706088992973,2021,35783.0,0,68,4792,1
479,24,2065737,44924,843,0,1,6130000,410887617,1340,0.3185886983289357,2020,15733.0,0,90,3696,1
480,24,991591,24676,523,0,0,6130000,410887617,1340,0.3124355304212169,2021,11512.0,0,66,2685,1
481,24,79747,2593,72,0,0,6130000,410887617,1340,0.312250038197097,2020,8472.0,0,34,1254,1
482,24,958915,19876,321,0,0,6130000,410887617,1340,0.3153568340306834,2019,46657.0,282,52,3599,1
483,24,74581,1822,71,0,1,6130000,410887617,1340,0.3174118493150685,2021,5179.0,0,74,1282,1
484,24,1739880,40935,741,0,1,6130000,410887617,1340,0.3182342097488921,2019,29704.0,234,60,1764,1
485,24,2841114,47254,1394,0,1,6130000,410887617,1340,0.3095872609997696,2019,7839.0,513,66,1156,1
486,24,418281,13617,327,0,0,6130000,410887617,1340,0.3132331641659311,2021,6174.0,0,83,1179,1
487,24,312826,6571,146,0,0,6130000,410887617,1340,0.3147655083099503,2019,5988.0,426,50,1624,1
488,24,142479,2929,111,0,0,6130000,410887617,1340,0.3147600042435816,2019,20404.0,510,48,1141,1
489,24,644263,9597,182,0,0,6130000,410887617,1340,0.3177219913598025,2019,1722.0,434,71,690,1
490,24,91158,1590,50,0,0,6130000,410887617,1340,0.3186836526701997,2019,17921.0,135,40,3108,1
491,24,394265,7232,172,0,0,6130000,410887617,1340,0.3174225909636146,2020,4155.0,0,52,1902,1
492,24,212426,6672,121,0,1,6130000,410887617,1340,0.316141341991342,2021,2299.0,0,54,963,1
493,24,725757,14425,265,0,1,6130000,410887617,1340,0.319099200913242,2021,14266.0,0,55,2272,1
494,6,280365,1502,38,1,0,135000,21427061,1289,0.321978125,2016,217.0,133,37,135,1
495,6,110105,366,11,1,0,135000,21427061,1289,0.3033780487804878,2016,200.0,133,29,162,1
496,6,67440,233,5,1,0,135000,21427061,1289,0.2826931818181818,2016,151.0,207,22,146,0
497,6,64268,209,7,1,0,135000,21427061,1289,0.2856901960784314,2016,150.0,207,26,124,0
498,6,53942,223,5,1,0,135000,21427061,1289,0.2759345454545455,2016,204.0,212,37,125,0
499,6,47360,206,9,1,0,135000,21427061,1289,0.2780573770491803,2016,249.0,211,28,121,0
500,6,55966,401,14,1,0,135000,21427061,1289,0.2879742857142857,2016,273.0,209,26,118,0
501,6,46863,233,14,1,0,135000,21427061,1289,0.3037552631578948,2016,227.0,210,35,125,0
502,6,60409,351,10,1,0,135000,21427061,1289,0.2965512195121951,2016,296.0,233,22,71,0
503,6,63516,287,14,1,0,135000,21427061,1289,0.2897903225806452,2016,176.0,208,33,86,0
504,6,47717,183,6,1,0,135000,21427061,1289,0.2911091836734694,2016,157.0,191,37,33,0
505,6,36100,71,4,1,0,135000,21427061,1289,0.2881686868686868,2016,87.0,227,47,1535,0
506,6,79673,321,25,1,0,135000,21427061,1289,0.2775678260869565,2016,205.0,207,50,2921,0
507,6,32797,52,1,1,0,135000,21427061,1289,0.2758827586206896,2016,142.0,207,25,2123,0
508,6,135182,422,9,1,0,135000,21427061,1289,0.2744661290322581,2016,148.0,212,48,2274,0
509,6,23112,65,5,1,0,135000,21427061,1289,0.27529140625,2016,199.0,234,42,3130,0
510,6,19107,47,4,1,0,135000,21427061,1289,0.2744284615384615,2016,111.0,219,30,1942,0
511,6,17748,15,1,1,0,135000,21427061,1289,0.2723335877862595,2016,45.0,203,34,950,0
512,6,39622,118,10,1,0,135000,21427061,1289,0.2645468085106383,2016,200.0,216,34,3752,0
513,6,91778,569,16,1,0,135000,21427061,1289,0.265858064516129,2016,190.0,222,36,3696,0
514,6,26528,76,2,1,0,135000,21427061,1289,0.2666025477707006,2016,113.0,0,52,2150,0
515,6,12662,21,3,1,0,135000,21427061,1289,0.2632490566037735,2016,59.0,184,53,1190,0
516,6,21109,72,3,1,0,135000,21427061,1289,0.2594876543209876,2016,199.0,225,28,2921,0
517,6,100744,589,21,1,0,135000,21427061,1289,0.251122905027933,2016,249.0,219,58,3496,0
518,6,14709,55,5,1,0,135000,21427061,1289,0.2497114130434782,2016,241.0,202,50,3393,0
519,6,10176,14,0,1,0,135000,21427061,1289,0.2497114130434782,2016,51.0,202,33,833,0
520,6,9555,15,0,1,0,135000,21427061,1289,0.2497114130434782,2016,94.0,212,42,1432,0
521,6,16448,28,4,1,0,135000,21427061,1289,0.2493349462365591,2016,198.0,216,35,2888,0
522,6,29589,127,5,1,0,135000,21427061,1289,0.2392361256544502,2016,142.0,214,34,2117,0
523,6,15526,48,0,1,0,135000,21427061,1289,0.2392361256544502,2016,191.0,214,32,2854,0
524,6,17853,59,1,1,0,135000,21427061,1289,0.2401854166666666,2016,191.0,212,45,100,0
525,6,12082,22,1,1,0,135000,21427061,1289,0.2405896373056995,2016,70.0,205,37,3496,0
526,6,8164,17,0,1,0,135000,21427061,1289,0.2405896373056995,2016,112.0,202,44,1922,0
527,6,8157,9,0,1,0,135000,21427061,1289,0.2405896373056995,2016,61.0,202,32,1085,0
528,6,7620,10,1,1,0,135000,21427061,1289,0.2377092783505154,2016,78.0,202,55,1246,0
529,6,44932,248,11,1,0,135000,21427061,1289,0.2493310344827586,2016,230.0,202,54,3403,0
530,6,42008,338,13,1,0,135000,21427061,1289,0.2680046728971963,2016,237.0,227,47,3844,0
531,6,51261,293,8,1,0,135000,21427061,1289,0.2662072727272727,2016,193.0,378,58,3440,0
532,6,29061,122,4,1,0,135000,21427061,1289,0.2692636771300448,2016,171.0,357,51,3038,0
533,6,90462,445,22,1,0,135000,21427061,1289,0.2657954166666667,2016,233.0,367,52,3789,0
534,12,29157,517,19,0,0,150000,7038760,429,0.372223076923077,2019,639.0,195,60,1010,0
535,12,6855,267,12,0,0,150000,7038760,429,0.4591347826086956,2019,1146.0,235,46,374,0
536,12,4411,178,7,0,0,150000,7038760,429,0.4555931034482759,2019,1145.0,186,49,375,0
537,12,3820,189,6,0,0,150000,7038760,429,0.469635294117647,2019,581.0,162,68,361,0
538,12,2189,127,5,0,0,150000,7038760,429,0.4562405405405405,2019,594.0,153,63,425,0
539,12,2361,111,2,0,0,150000,7038760,429,0.4431487179487179,2019,651.0,198,52,481,0
540,12,1438,90,8,0,0,150000,7038760,429,0.4605227272727273,2019,579.0,168,60,368,0
541,12,1162,80,3,0,0,150000,7038760,429,0.4751065217391305,2019,522.0,172,60,397,0
542,12,1163,74,1,0,0,150000,7038760,429,0.4726829787234043,2019,459.0,179,69,397,0
543,12,1075,63,0,0,0,150000,7038760,429,0.4726829787234043,2019,385.0,204,64,389,0
544,12,30430,576,23,0,0,150000,7038760,429,0.4224318181818182,2019,427.0,196,62,838,0
545,12,3094,114,7,0,0,150000,7038760,429,0.4308757142857143,2019,1239.0,192,48,400,0
546,12,1632,94,4,0,0,150000,7038760,429,0.4291013513513514,2019,836.0,233,53,406,0
547,12,1621,71,3,0,0,150000,7038760,429,0.4263740259740259,2019,562.0,186,52,381,0
548,12,1092,71,0,0,0,150000,7038760,429,0.4263740259740259,2020,507.0,128,63,400,0
549,12,1020,73,8,0,0,150000,7038760,429,0.4288253164556961,2020,416.0,148,61,375,0
550,12,2497,117,8,0,0,150000,7038760,429,0.435067816091954,2020,419.0,201,49,393,0
551,5,716,32,13,0,0,342,26424,29,0.1383,2021,370.0,213,60,568,0
552,5,435,20,4,0,0,342,26424,29,0.1075666666666666,2021,274.0,150,74,557,0
553,5,449,25,14,0,0,342,26424,29,0.29690625,2021,376.0,530,70,833,0
554,5,68,11,6,0,0,342,26424,29,0.3160105263157894,2021,403.0,463,79,590,0
555,5,923,23,6,0,0,342,26424,29,0.3309636363636363,2021,392.0,238,88,554,0
556,5,112,16,16,0,0,342,26424,29,0.3357333333333333,2021,432.0,340,92,540,0
557,5,120,12,10,0,0,342,26424,29,0.3306771428571429,2021,440.0,374,97,479,0
558,5,2047,32,18,0,0,342,26424,29,0.3171363636363636,2021,885.0,496,79,587,0
559,5,5982,128,19,0,0,342,26424,29,0.3205298245614035,2021,577.0,336,87,541,0
560,5,853,32,4,0,0,342,26424,29,0.324593220338983,2021,440.0,256,93,634,0
561,5,1326,26,13,0,0,342,26424,29,0.3189895522388059,2021,407.0,215,89,785,0
562,5,386,12,5,0,0,342,26424,29,0.3262785714285714,2021,328.0,307,97,502,0
563,5,962,16,0,0,0,342,26424,29,0.3262785714285714,2021,224.0,124,67,601,0
564,5,1207,33,12,0,0,342,26424,29,0.3288506493506493,2021,836.0,312,94,715,0
565,9,481323,2852,119,0,1,128000,15164639,257,0.5874943661971831,2016,321.0,426,85,3417,1
566,9,647878,2105,190,0,1,128000,15164639,257,0.5076910112359551,2013,294.0,497,73,2454,1
567,9,501124,2953,192,0,1,128000,15164639,257,0.5299645390070923,2013,468.0,524,94,3372,1
568,9,399369,2664,259,0,1,128000,15164639,257,0.5430721428571428,2013,515.0,528,84,4133,1
569,9,856867,4915,517,0,1,128000,15164639,257,0.5261584507042253,2013,419.0,525,92,4231,1
570,9,144389,1616,98,0,0,128000,15164639,257,0.5228666666666667,2018,492.0,515,97,2915,1
571,9,175706,1316,100,0,1,128000,15164639,257,0.5185761282660333,2018,304.0,537,86,3359,1
572,9,433480,2009,264,0,1,128000,15164639,257,0.5170174219536758,2013,526.0,517,85,4496,1
573,9,326925,1952,258,0,1,128000,15164639,257,0.510870796460177,2013,490.0,509,74,3277,1
574,9,273877,1491,194,0,1,128000,15164639,257,0.5050339300244101,2013,279.0,498,92,2928,1
575,9,178482,923,107,0,1,128000,15164639,257,0.5106526806526807,2013,261.0,503,99,2476,1
576,9,227107,1111,102,0,1,128000,15164639,257,0.5062334821428571,2013,505.0,524,73,2898,1
577,9,165323,818,102,0,1,128000,15164639,257,0.5090444921316165,2013,382.0,528,59,2842,1
578,9,242570,913,121,0,1,128000,15164639,257,0.5054561898211829,2013,385.0,523,67,3080,1
579,9,125754,531,24,0,1,128000,15164639,257,0.5047702518720217,2013,234.0,518,71,2565,1
580,9,63230,804,74,0,0,128000,15164639,257,0.4992262142381903,2018,409.0,513,59,2125,1
581,9,43823,543,29,0,0,128000,15164639,257,0.4975691195795006,2018,294.0,486,59,2179,1
582,9,237724,1079,101,0,1,128000,15164639,257,0.4979207332490518,2013,291.0,480,68,3393,1
583,9,312819,1517,166,0,1,128000,15164639,257,0.4942008363201912,2013,255.0,466,72,3590,1
584,9,124405,752,76,0,1,128000,15164639,257,0.494994305636258,2016,452.0,500,91,4526,1
585,9,274075,1501,151,0,1,128000,15164639,257,0.4916390122086571,2013,281.0,521,53,3455,1
586,9,104242,340,23,0,1,128000,15164639,257,0.4915841584158416,2013,143.0,502,63,2478,1
587,9,111946,438,50,0,1,128000,15164639,257,0.4916788732394366,2013,233.0,499,88,3363,1
588,9,180644,773,92,0,1,128000,15164639,257,0.4942097987288135,2013,284.0,504,55,3730,1
589,9,304736,1442,120,0,1,128000,15164639,257,0.4925309584828293,2013,410.0,497,100,4348,1
590,9,210520,1407,146,0,1,128000,15164639,257,0.4919759077526987,2013,916.0,442,76,4687,1
591,9,86263,451,41,0,1,128000,15164639,257,0.4915600387972841,2014,478.0,506,77,2423,1
592,9,102010,586,62,0,1,128000,15164639,257,0.491969465648855,2014,508.0,516,77,2451,1
593,9,174914,1059,67,0,1,128000,15164639,257,0.4901323653395785,2013,237.0,524,63,3342,1
594,9,128503,675,45,0,1,128000,15164639,257,0.48740780961183,2013,242.0,518,63,3523,1
595,9,181888,1081,74,0,0,128000,15164639,257,0.4863592944369064,2013,404.0,520,97,2366,1
596,9,88270,375,33,0,0,128000,15164639,257,0.4841424025100851,2013,259.0,503,70,2105,1
597,9,190107,907,63,0,1,128000,15164639,257,0.4815254192409532,2013,280.0,494,94,3103,1
598,9,325757,1807,129,0,1,128000,15164639,257,0.4798397178281317,2013,391.0,528,94,3831,1
599,9,123294,623,65,0,1,128000,15164639,257,0.4807871416526137,2013,260.0,512,82,3993,1
600,9,39263,495,64,0,1,128000,15164639,257,0.479690893970894,2018,888.0,445,90,4945,1
601,9,34918,329,26,0,1,128000,15164639,257,0.4801101156069364,2019,687.0,513,80,3310,1
602,9,27890,290,19,0,0,128000,15164639,257,0.4802945812807882,2019,873.0,474,84,3101,1
603,9,115198,605,54,0,1,128000,15164639,257,0.4784078638021888,2013,260.0,508,70,4087,1
604,9,92164,439,23,0,1,128000,15164639,257,0.4790060435132957,2013,219.0,508,81,4202,1
605,9,202234,1216,127,0,1,128000,15164639,257,0.4802138214565388,2013,277.0,507,94,3369,1
606,9,144338,729,48,0,1,128000,15164639,257,0.4804062282398453,2013,224.0,514,100,4858,1
607,9,87438,470,43,0,1,128000,15164639,257,0.4799667176740627,2013,412.0,499,88,4167,1
608,9,195973,1118,90,0,1,128000,15164639,257,0.4808394973743435,2013,396.0,512,85,4627,1
609,9,492997,3591,162,0,1,128000,15164639,257,0.4785206572769954,2013,338.0,530,67,4933,1
610,9,298588,2803,150,0,1,128000,15164639,257,0.479987675070028,2013,469.0,524,81,4437,1
611,9,423710,2904,168,0,1,128000,15164639,257,0.4807024770953512,2013,319.0,520,69,3407,1
612,9,163120,972,88,0,1,128000,15164639,257,0.4801300466355763,2015,322.0,521,83,3371,1
613,9,196270,1134,114,0,1,128000,15164639,257,0.4797056554429552,2014,401.0,521,81,3568,1
614,9,87642,545,62,0,1,128000,15164639,257,0.4798754119547658,2014,259.0,514,95,3984,1
615,9,114551,640,66,0,0,128000,15164639,257,0.4803779195915763,2015,342.0,495,95,2211,1
616,9,52914,290,33,0,0,128000,15164639,257,0.4806825095057034,2015,391.0,515,96,2182,1
617,9,100912,630,55,0,1,128000,15164639,257,0.4809084692597239,2015,403.0,518,91,2804,1
618,9,138689,828,104,0,0,128000,15164639,257,0.4817790920321186,2015,436.0,518,86,2566,1
619,9,65614,833,85,0,0,128000,15164639,257,0.4846772506082725,2016,591.0,496,96,2748,1
620,9,74386,929,93,0,1,128000,15164639,257,0.485551269035533,2016,408.0,520,65,2356,1
621,7,205237,6308,414,0,0,170000,11456404,75,0.5010054838709678,2020,4383.0,572,100,3206,1
622,7,2294957,50926,1709,0,0,170000,11456404,75,0.4754555491329479,2018,3627.0,550,100,3237,1
623,7,23091,1089,56,0,0,170000,11456404,75,0.4764901297236322,2022,6470.0,558,73,4115,1
624,7,17469,796,58,0,0,170000,11456404,75,0.47584357696567,2022,1397.0,560,71,3560,1
625,7,166463,5208,160,0,0,170000,11456404,75,0.4702505415162455,2019,1953.0,542,99,2843,1
626,7,232956,6594,283,0,0,170000,11456404,75,0.4689907543698252,2019,3690.0,551,98,2472,1
627,7,184572,5490,285,0,0,170000,11456404,75,0.4703777449324324,2019,6049.0,553,99,2517,1
628,7,216190,6070,299,0,0,170000,11456404,75,0.4668344040247678,2020,12258.0,565,90,3324,1
629,7,638637,19780,520,0,0,170000,11456404,75,0.472116567065073,2019,3521.0,567,87,2578,1
630,7,1067222,32466,1499,0,0,170000,11456404,75,0.4810724250936329,2020,5167.0,535,57,4632,1
631,7,22330,656,64,0,0,170000,11456404,75,0.480481056044465,2020,3626.0,562,71,2982,1
632,7,63921,2744,102,0,0,170000,11456404,75,0.4823849772727273,2020,945.0,526,57,3965,1
633,7,60092,1360,73,0,0,170000,11456404,75,0.4813382610649292,2022,5866.0,566,78,3206,1
634,7,66808,2038,147,0,0,170000,11456404,75,0.4812275991189427,2020,3637.0,550,84,3330,1
635,7,67913,1926,105,0,0,170000,11456404,75,0.4816053807767411,2020,3674.0,559,89,2549,1
636,7,29619,713,44,0,0,170000,11456404,75,0.4817340232858991,2022,4898.0,562,79,3103,1
637,7,109753,3337,178,0,0,170000,11456404,75,0.4813130234505863,2020,2955.0,552,52,2134,1
638,7,81819,1909,86,0,0,170000,11456404,75,0.4809204921422664,2020,4823.0,562,48,3193,1
639,7,52601,1527,111,0,0,170000,11456404,75,0.4784212644846514,2022,2617.0,533,85,2605,1
640,20,9006,337,29,0,0,3750,141671,69,0.5485,2021,414.0,192,34,654,0
641,20,1943,44,11,0,0,3750,141671,69,0.4531083333333334,2020,2061.0,192,99,1971,0
642,20,3036,117,9,0,0,3750,141671,69,0.4887533333333334,2020,1814.0,192,91,1532,0
643,20,1785,55,13,0,0,3750,141671,69,0.4973000000000001,2020,1897.0,192,98,1761,0
644,20,4515,121,3,0,0,3750,141671,69,0.5003179487179487,2020,1444.0,192,100,1516,0
645,20,1268,47,5,0,0,3750,141671,69,0.5218119047619049,2020,1368.0,192,68,1551,0
646,20,8052,264,16,0,0,3750,141671,69,0.5190461538461538,2020,1489.0,192,100,1464,0
647,20,877,28,0,0,0,3750,141671,69,0.5190461538461538,2021,1172.0,192,99,1592,0
648,20,3012,38,3,0,0,3750,141671,69,0.515912962962963,2021,1298.0,192,100,1567,0
649,8,128098,3721,161,0,0,214000,6800036,237,0.5588513513513514,2020,448.0,523,61,2696,1
650,8,87598,2720,614,0,0,214000,6800036,237,0.3514700657894737,2020,1678.0,519,60,3117,1
651,8,60344,1477,259,0,0,214000,6800036,237,0.4158231132075471,2020,2632.0,507,58,2929,1
652,8,57133,1609,206,0,0,214000,6800036,237,0.4220551859099804,2020,4119.0,525,70,2833,1
653,8,33378,729,141,0,0,214000,6800036,237,0.4216379188712522,2020,2734.0,516,60,2781,1
654,8,21817,612,95,0,0,214000,6800036,237,0.4232930921052632,2020,2207.0,515,79,2615,1
655,8,15120,610,121,0,0,214000,6800036,237,0.4442170180722892,2020,711.0,514,66,2308,0
656,8,8697,241,32,0,0,214000,6800036,237,0.4423046989720999,2021,2968.0,394,75,2554,0
657,8,6029,300,62,0,0,214000,6800036,237,0.443082889200561,2022,148.0,362,42,1854,0
658,8,32388,978,81,0,0,214000,6800036,237,0.448403050397878,2022,4571.0,347,94,3087,1
659,17,7968063,150510,4788,0,1,679000,55991342,322,0.5597518962075848,2018,1969.0,511,45,2399,1
660,17,1339683,25899,774,0,1,679000,55991342,322,0.5553405178614241,2019,1331.0,517,44,2519,1
661,17,403239,7437,341,0,1,679000,55991342,322,0.553703683737646,2021,1465.0,518,45,2558,1
662,17,293557,3978,213,0,1,679000,55991342,322,0.5542766435986158,2021,1516.0,494,45,2739,1
663,17,94776,1811,99,0,1,679000,55991342,322,0.5532995540454448,2021,1231.0,289,44,1671,1
664,17,158039,2960,104,0,1,679000,55991342,322,0.5535855652899457,2021,1586.0,405,52,1375,1
665,17,250637,4220,174,0,0,679000,55991342,322,0.5540642177696823,2020,756.0,504,40,1002,1
666,17,704968,8470,286,0,0,679000,55991342,322,0.5530162579648581,2020,695.0,516,39,1272,1
667,17,558884,11349,275,0,0,679000,55991342,322,0.5521847517075872,2018,844.0,522,32,1602,1
668,17,494833,3005,110,0,0,679000,55991342,322,0.5506494284158955,2019,544.0,485,61,824,1
669,17,51437,1129,40,0,0,679000,55991342,322,0.5510409664623153,2020,519.0,459,37,1105,1
670,17,47236,820,36,0,0,679000,55991342,322,0.5514074950690335,2020,368.0,465,40,1138,1
671,17,21220,476,37,0,0,679000,55991342,322,0.5511375668926151,2021,382.0,281,51,791,1
672,17,16216,345,6,0,1,679000,55991342,322,0.5509296151104776,2021,697.0,342,56,1019,1
673,17,26769,476,19,0,1,679000,55991342,322,0.5504534743202417,2021,843.0,335,40,941,1
674,17,36771,296,20,0,1,679000,55991342,322,0.5505088636766531,2021,284.0,364,53,549,1
675,17,13843,372,9,0,1,679000,55991342,322,0.5505762966896796,2021,565.0,340,80,651,1
676,17,40531,512,45,0,1,679000,55991342,322,0.5489998591549295,2022,702.0,468,68,718,1
677,17,14540,436,24,0,1,679000,55991342,322,0.5492430301966292,2022,576.0,348,41,1173,1
678,17,46109,462,23,0,1,679000,55991342,322,0.5494441876750701,2022,1274.0,269,69,1198,1
679,17,5262,133,9,0,1,679000,55991342,322,0.5491913970973946,2022,826.0,305,62,1625,1
680,17,18215,266,11,0,1,679000,55991342,322,0.5492040160642571,2022,273.0,278,64,512,1
681,17,6872,138,22,0,1,679000,55991342,322,0.5491904828307478,2022,790.0,382,47,750,1
682,4,7,0,0,0,0,13,447,75,0.0,2022,692.0,0,54,743,0
683,4,1,0,0,0,0,13,447,75,0.0,2022,635.0,0,81,1275,0
684,4,2,0,0,0,0,13,447,75,0.0,2022,682.0,0,62,867,0
685,4,1,0,0,0,0,13,447,75,0.0,2022,679.0,0,93,1223,0
686,4,2,0,0,0,0,13,447,75,0.0,2022,637.0,0,83,1232,0
687,4,5,0,0,0,0,13,447,75,0.0,2022,701.0,0,45,743,0
688,4,2,0,0,0,0,13,447,75,0.0,2022,654.0,0,83,867,0
689,4,2,0,0,0,0,13,447,75,0.0,2022,677.0,0,67,1084,0
690,4,3,0,0,0,0,13,447,75,0.0,2022,585.0,0,83,1181,0
691,4,5,0,0,0,0,13,447,75,0.0,2022,626.0,0,83,1079,0
692,4,1,0,0,0,0,13,447,75,0.0,2022,686.0,0,60,1192,0
693,4,1,0,0,0,0,13,447,75,0.0,2022,636.0,0,54,1192,0
694,4,1,0,0,0,0,13,447,75,0.0,2022,683.0,0,58,1171,0
695,4,2,0,0,0,0,13,447,75,0.0,2022,739.0,0,82,1114,0
696,4,4,0,0,0,0,13,447,75,0.0,2022,632.0,0,70,1206,0
697,4,9,0,0,1,0,13,447,75,0.0,2022,651.0,0,80,1206,0
698,4,3,0,0,0,0,13,447,75,0.0,2022,702.0,0,83,1242,0
699,4,2,0,0,0,0,13,447,75,0.0,2022,667.0,0,68,1177,0
700,4,2,0,0,0,0,13,447,75,0.0,2022,630.0,0,55,1177,0
701,4,6,0,0,1,0,13,447,75,0.0,2022,657.0,0,64,1114,0
702,4,3,0,0,0,0,13,447,75,0.0,2022,645.0,0,83,1190,0
703,4,1,0,0,0,0,13,447,75,0.0,2022,665.0,0,57,1185,0
704,4,1,0,0,0,0,13,447,75,0.0,2022,722.0,0,82,1171,0
705,4,1,0,0,0,0,13,447,75,0.0,2022,604.0,0,57,1279,0
706,4,1,0,0,0,0,13,447,75,0.0,2022,638.0,0,52,1334,0
707,4,3,0,0,0,0,13,447,75,0.0,2022,656.0,0,83,1201,0
708,4,0,0,0,0,0,13,447,75,0.0,2022,657.0,0,78,1298,0
709,4,1,0,0,0,0,13,447,75,0.0,2022,649.0,0,67,1171,0
710,4,4,0,0,0,0,13,447,75,0.0,2022,675.0,0,65,1279,0
711,4,2,0,0,0,0,13,447,75,0.0,2022,708.0,0,82,1281,0
712,4,0,0,0,0,0,13,447,75,0.0,2022,631.0,0,70,1243,0
713,4,2,0,0,0,0,13,447,75,0.0,2022,632.0,0,83,1154,0
714,4,0,0,0,0,0,13,447,75,0.0,2022,637.0,0,70,1243,0
715,4,0,0,0,1,0,13,447,75,0.0,2022,639.0,0,80,1244,0
716,4,5,0,0,0,0,13,447,75,0.0,2022,667.0,0,53,1197,0
717,4,3,0,0,0,0,13,447,75,0.0,2022,628.0,0,59,1184,0
718,4,3,0,0,0,0,13,447,75,0.0,2022,628.0,0,59,1184,0
719,4,3,0,0,0,0,13,447,75,0.0,2022,628.0,0,59,1184,0
720,4,3,0,0,0,0,13,447,75,0.0,2022,628.0,0,59,1184,0
721,4,6,0,0,0,0,13,447,75,0.0,2022,636.0,0,58,1299,0
722,4,1,0,0,0,0,13,447,75,0.0,2022,651.0,0,69,1199,0
723,4,1,0,0,0,0,13,447,75,0.0,2022,698.0,0,69,1179,0
724,4,1,0,0,0,0,13,447,75,0.0,2022,698.0,0,69,1179,0
725,4,1,0,0,0,0,13,447,75,0.0,2022,698.0,0,69,1179,0
726,4,1,0,0,0,0,13,447,75,0.0,2022,698.0,0,69,1179,0
727,4,0,0,0,0,0,13,447,75,0.0,2022,655.0,0,76,1222,0
728,4,2,0,0,1,0,13,447,75,0.0,2022,615.0,0,72,1108,0
729,4,3,0,0,0,0,13,447,75,0.0,2022,634.0,0,83,1251,0
730,4,0,0,0,0,0,13,447,75,0.0,2022,638.0,0,61,1108,0
731,4,0,0,0,0,0,13,447,75,0.0,2022,638.0,0,61,1108,0
732,4,0,0,0,0,0,13,447,75,0.4520666666666666,2022,638.0,0,61,1108,0
733,4,0,0,0,0,0,13,447,75,0.4520666666666666,2022,638.0,0,61,1108,0
734,4,1,0,0,0,0,13,447,75,0.0,2022,666.0,0,61,1125,0
735,4,2,0,0,0,0,13,447,75,0.0,2022,608.0,0,66,1173,0
736,4,2,0,0,0,0,13,447,75,0.0,2022,644.0,0,78,1173,0
737,4,0,0,0,1,0,13,447,75,0.0,2022,626.0,0,58,1131,0
738,4,0,0,0,0,0,13,447,75,0.0,2022,618.0,0,82,1255,0
739,4,1,0,0,0,0,13,447,75,0.0,2022,675.0,0,71,1081,0
740,4,15,0,2,0,0,13,447,75,0.4404,2022,20261.0,0,83,2696,0
741,4,123,8,1,0,0,13,447,75,0.4520666666666666,2022,39338.0,0,83,4812,0
742,4,4,0,0,0,0,13,447,75,0.4520666666666666,2022,639.0,0,83,1080,0
743,4,1,0,0,0,0,13,447,75,0.4520666666666666,2022,638.0,0,72,1020,0
744,4,1,0,0,1,0,13,447,75,0.4520666666666666,2022,667.0,0,78,1283,0
745,4,1,0,0,0,0,13,447,75,0.4520666666666666,2022,630.0,0,78,1189,0
746,4,1,0,0,0,0,13,447,75,0.4520666666666666,2022,578.0,0,71,1108,0
747,4,0,0,0,0,0,13,447,75,0.4520666666666666,2022,625.0,0,56,1267,0
748,4,4,0,0,0,0,13,447,75,0.4520666666666666,2022,617.0,0,83,1160,0
